{
    "assemble_plate":
    {
        "x": 0.40892671825921423,
        "y": 0.04573602346210516,
        "z": 0.1899,
        "roll": 0,
        "pitch": 0,
        "yaw": 0.013861205182119135,
        "deg": 0.7941885559002921,
        "width": 48,
        "height": 48
    },
    "storage_plate":
    {
        "x": 0.40892671825921423,
        "y": 0.04573602346210516,
        "z": 0.1899,
        "roll": 0,
        "pitch": 0,
        "yaw": 0.013861205182119135,
        "deg": 0.7941885559002921,
        "width": 48,
        "height": 48
    }
}